BuiltUpSize,City,Furnishing,NoOfBathroom,NoOfBedroom,NoOfParking,Postcode,PropertyName,RentalPerMth
650,KL Eco City,Fully Furnished,1,1,1,59200,Vogue Suites One,2500
1300,Bangsar,Unfurnished,2,2,1,59100,Cascadium,4800
700,KL Eco City,Fully Furnished,1,1,1,59200,Vogue Suites One,2500
1100,Bukit Jalil,Unfurnished,2,3,0,57000,Parkhill Residence,1500
710,KL Eco City,Fully Furnished,1,1,1,59200,Vogue Suites One,2800
1100,Bukit Jalil,Fully Furnished,2,3,2,57000,Parkhill Residence,1900
700,KL Eco City,Fully Furnished,1,1,1,59200,Vogue Suites One,3000
1119,KL Eco City,Fully Furnished,2,2,1,59200,Vogue Suites One,3500
1485,Bangsar South,Fully Furnished,2,3,0,59100,Begonia @ The Park Residences,4000
1000,KL Eco City,Fully Furnished,2,2,1,59200,Vogue Suites One,3600
710,KL Eco City,Fully Furnished,1,1,1,59200,Vogue Suites One,2500
989,KLCC,Fully Furnished,1,1,1,50450,The Troika,4000
969,KL Eco City,Fully Furnished,2,2,1,59200,Vogue Suites One,3800
710,KL Eco City,Fully Furnished,1,1,1,59200,Vogue Suites One,3000
1019,Pantai Hillpark,Fully Furnished,2,3,2,59200,Saville @ The Park,2300
2020,Mont Kiara,Unfurnished,2,4,0,50480,Residensi 22,7500
538,Bukit Bintang,Fully Furnished,1,1,0,55100,The Robertson,3200
2411,Mont Kiara,Fully Furnished,4,4,0,50480,Seni Mont Kiara,8000
1973,Mont Kiara,Fully Furnished,3,3,1,50480,Mont Kiara Meridin,5000
1237,Sentul Selatan,Fully Furnished,3,3,1,51000,The Fennel,3200
1237,Sentul Selatan,Fully Furnished,3,3,1,51000,The Fennel,3000
1450,Bukit Jalil,Fully Furnished,2,4,1,57000,Vista Komanwel A,2200
1135,KL Sentral,Fully Furnished,2,2,1,50450,Suasana Sentral Loft,4000
1100,Bukit Jalil,Fully Furnished,2,3,2,57000,Parkhill Residence,2100
1389,Desa ParkCity,Fully Furnished,2,3,0,52200,The Westside Two,4000
1300,Bukit Jalil,Fully Furnished,2,3,2,57000,Parkhill Residence,2200
538,Bukit Bintang,Fully Furnished,1,1,0,55100,The Robertson,2600
1485,Bangsar South,Fully Furnished,2,3,0,59100,Begonia @ The Park Residences,4200
1100,Bukit Jalil,Fully Furnished,2,3,2,57000,Parkhill Residence,2300
1237,Sentul Selatan,Fully Furnished,3,3,1,51000,The Fennel,3300
2513,Mont Kiara,Fully Furnished,5,4,0,50480,Mont Kiara Meridin,7000
1230,Setapak,Fully Furnished,2,3,1,53200,Heritage,1400
1200,Mont Kiara,Unfurnished,2,3,0,50480,Mont Kiara Astana,4800
2347,Mont Kiara,Unfurnished,4,3,3,50480,Seni Mont Kiara,8500
1224,Bukit Jalil,Fully Furnished,2,3,0,57000,Vista Komanwel A,1800
1346,Desa ParkCity,Fully Furnished,2,3,0,52200,The Breezeway,4200
538,Bukit Bintang,Unfurnished,1,1,1,55100,The Robertson,3200
908,Setapak,Fully Furnished,2,3,2,53200,Ascenda Residence @ Skyarena,1800
1049,Sentul,Fully Furnished,2,3,1,51000,Sang Suria,1500
1050,Jalan Kuching,Fully Furnished,2,3,0,51200,Sri Putramas,1700
1392,Happy Garden,Unfurnished,2,3,2,58200,Le Yuan Residence,2100
1377,Desa ParkCity,Fully Furnished,2,3,2,52200,One Central Park,5000
1389,Desa ParkCity,Fully Furnished,2,3,2,52200,The Westside Two,4500
1085,Wangsa Maju,Fully Furnished,2,3,2,53300,Infiniti 3 Residences,2300
1531,KL City Centre,Fully Furnished,3,3,3,50450,Mirage Residence,5000
1044,Taman Gembira,Fully Furnished,2,3,1,58200,Desa Cindaimas,1600
822,Brickfields,Fully Furnished,1,1,1,50470,633 Residency,2800
822,Brickfields,Fully Furnished,1,2,0,50470,633 Residency,2800
1100,Bangsar,Fully Furnished,2,2,1,59100,Cascadium,2999
1392,Happy Garden,Fully Furnished,2,3,2,58200,Le Yuan Residence,2800
1799,Dutamas,Fully Furnished,5,5,2,52100,Verdana,4000
1390,Bukit Kiara,Fully Furnished,2,3,1,50480,Mont Kiara Palma,4500
753,Hampshire Park,Fully Furnished,1,1,0,50450,Hampshire Residences,2800
1186,Sentul Selatan,Fully Furnished,3,3,0,51000,The Fennel,3000
1485,Bangsar South,Fully Furnished,2,3,2,59100,Begonia @ The Park Residences,4500
1237,Sentul Selatan,Fully Furnished,3,3,1,51000,The Fennel,3100
1237,Sentul Selatan,Fully Furnished,3,3,1,51000,The Fennel,3500
698,Taman Mas Tiara,Fully Furnished,1,2,1,51200,Kiara East,1600
1186,Sentul Selatan,Fully Furnished,3,3,1,51000,The Fennel,3300
1085,Wangsa Maju,Fully Furnished,2,3,2,53300,Infiniti 3 Residences,3300
538,Bukit Bintang,Fully Furnished,1,1,1,55100,The Robertson,3000
538,Bukit Bintang,Unfurnished,1,1,1,55100,The Robertson,2600
1186,Sentul Selatan,Fully Furnished,3,3,2,51000,The Fennel,3200
1100,Bangsar,Unfurnished,2,2,1,59100,Bangsar Puteri,2500
1275,Taman Danau Kota,Fully Furnished,2,3,0,53100,Platinum Lake PV 12,1800
1000,KL Eco City,Fully Furnished,2,2,0,59200,Vogue Suites One,4800
657,KL Eco City,Fully Furnished,1,1,1,59200,Vogue Suites One,3200
710,KL Eco City,Fully Furnished,1,1,1,59200,Vogue Suites One,3200
700,KL Eco City,Fully Furnished,1,1,1,59200,Vogue Suites One,2800
929,KL City Centre,Fully Furnished,2,2,1,50250,Idaman Residence,3500
1119,KL Sentral,Fully Furnished,2,2,0,50450,Suasana Sentral Loft,4300
1267,Taman Seri Rampai,Fully Furnished,2,3,1,53300,Villa Wangsamas,2100
2315,KLCC,Fully Furnished,4,3,2,50450,Stonor Park,5800
1119,KL Eco City,Fully Furnished,2,2,2,59200,Vogue Suites One,4900
710,KL Eco City,Fully Furnished,1,1,1,59200,Vogue Suites One,2300
1382,Wangsa Maju,Fully Furnished,2,3,2,53100,Seri Riana Residence,3500
2153,Bukit Ceylon,Fully Furnished,4,4,2,50200,Verticas Residensi,10000
1550,Bukit Ceylon,Fully Furnished,2,2,2,50200,Verticas Residensi,5200
1192,Taman Desa,Fully Furnished,2,3,2,58100,Casa Desa,2100
650,Brickfields,Fully Furnished,1,2,0,50470,633 Residency,2700
1733,Brickfields,Fully Furnished,3,3,0,50470,633 Residency,4000
1500,Brickfields,Fully Furnished,2,3,0,50470,Sri Impian Condominium,3000
745,Dutamas,Fully Furnished,1,1,1,51200,Icon Residence,2300
1300,Dutamas,Fully Furnished,3,2,0,51200,Icon Residence,4000
1400,Mont Kiara,Unfurnished,2,3,2,50480,Mont Kiara Pines,3600
646,Bukit Bintang,Fully Furnished,1,1,1,55100,The Robertson,3200
1200,Bukit Kiara,Fully Furnished,2,3,1,50480,Mont Kiara Palma,4300
1085,Wangsa Maju,Unfurnished,2,2,0,53100,Seri Riana Residence,1700
1485,Desa ParkCity,Fully Furnished,2,3,2,52200,One Central Park,6000
710,KL Eco City,Fully Furnished,1,1,0,59200,Vogue Suites One,2500
1468,Bukit Ceylon,Fully Furnished,2,2,1,50200,Verticas Residensi,5000
1085,Wangsa Maju,Fully Furnished,2,3,2,53300,Infiniti 3 Residences,3100
1100,KL Eco City,Fully Furnished,2,2,2,59200,Vogue Suites One,4200
1021,Taman Sri Sinar,Fully Furnished,2,2,1,51200,Scenaria @ North Kiara Hills,2200
1073,Bukit Jalil,Unfurnished,2,3,2,58200,Kiara Residence 2 (Residensi Kiara Jalil 2),2200
1528,Wangsa Maju,Fully Furnished,2,3,2,53100,Seri Riana Residence,4200
1076,KL Eco City,Fully Furnished,2,2,2,59200,Vogue Suites One,5800
710,KL Eco City,Fully Furnished,1,1,1,59200,Vogue Suites One,3100
1050,Jalan Kuching,Fully Furnished,2,3,0,51200,Sri Putramas,1900
1212,Bukit Jalil,Fully Furnished,2,3,3,57000,Savanna Condominium,2300
1003,KLCC,Fully Furnished,2,1,0,50450,The Troika,4000
1270,Hampshire Park,Fully Furnished,2,2,1,50450,Hampshire Residences,4800
1270,Hampshire Park,Fully Furnished,2,2,1,50450,Hampshire Residences,5500
707,Bukit Bintang,Fully Furnished,1,1,1,50200,Angkasa Impian,2500
1600,Mont' Kiara,Fully Furnished,3,4,2,50480,Almaspuri,3600
1700,Bangsar,Fully Furnished,2,2,0,59100,Park Rose,4700
1300,Brickfields,Fully Furnished,2,3,1,50470,Villa Scott,2600
1119,KL Eco City,Fully Furnished,2,2,2,59200,Vogue Suites One,4300
1175,Bukit Bintang,Fully Furnished,1,1,1,50200,Angkasa Impian 2,2700
1593,Mont Kiara,Fully Furnished,2,3,2,50450,Kiaraville,5000
1111,Taman Sungai Besi,Fully Furnished,2,3,2,57100,Midfields 2,2100
1415,Sri Petaling,Unfurnished,2,3,1,57000,Endah Regal Condominium,1350
975,Bangsar,Fully Furnished,2,3,1,59100,Bangsar Permai,2500
1050,Pantai Hillpark,Fully Furnished,2,3,1,59200,Pantai Hillpark 2,2000
1625,Bangsar,Fully Furnished,2,3,0,59100,Bayu Angkasa,3200
1367,Mid Valley City,Fully Furnished,2,3,0,59200,Northpoint Residences,4500
1200,Mont Kiara,Fully Furnished,2,3,1,50480,Mont Kiara Pelangi,3200
1000,Setapak,Fully Furnished,2,3,2,53200,Ascenda Residence @ Skyarena,1900
1335,Bukit Jalil,Fully Furnished,3,3,2,57000,KM1 West,2450
1100,Bukit Jalil,Unfurnished,2,3,0,57000,Parkhill Residence,2200
1109,Wangsa Maju,Fully Furnished,2,2,1,53300,Riana Green East,2300
1250,Mont Kiara,Fully Furnished,2,3,2,50480,Mont Kiara Pelangi,3200
1190,Taman Gembira,Unfurnished,2,3,2,58200,Gembira Residen,1800
1100,Bukit Jalil,Fully Furnished,2,3,1,57000,Parkhill Residence,2300
1208,Bukit Kiara,Fully Furnished,2,3,1,50480,Mont Kiara Palma,3200
1300,Pantai Dalam,Fully Furnished,2,2,1,59200,Pantai Panorama Condominiums,2400
1300,Sri Hartamas,Fully Furnished,2,3,2,50480,Puncak Prima,2500
1400,Pantai Hillpark,Fully Furnished,2,3,1,59200,Pantai Hillpark 3,2200
1485,Bangsar South,Fully Furnished,2,3,2,59100,Begonia @ The Park Residences,4000
1253,Dutamas,Unfurnished,2,3,0,52100,28 Dutamas,2600
1400,Dutamas,Unfurnished,3,3,0,52100,28 Dutamas,2800
1380,Setapak,Unfurnished,3,3,2,53200,The Reach @ Titiwangsa,2000
980,Kuchai Lama,Unfurnished,2,3,1,57100,Sri Desa,1200
1539,KL City Centre,Fully Furnished,3,3,1,50450,Mirage Residence,6000
1474,Dutamas,Unfurnished,3,3,1,51200,Prima Duta,1700
1442,Taman Melawati,Unfurnished,2,3,2,53100,The Veo,2800
1100,Jalan Kuching,Unfurnished,2,3,1,50000,Royal Domain Sri Putramas 2,1800
1033,Bangsar,Fully Furnished,2,2,0,59100,Sri Penaga,3000
753,Taman Melawati,Fully Furnished,1,1,0,53100,The Veo,1800
1000,Setapak,Unfurnished,2,3,2,53200,Ascenda Residence @ Skyarena,1300
1018,Bandar Tun Razak,Unfurnished,2,3,2,56000,The Holmes 1,1350
1071,KL Eco City,Fully Furnished,2,2,1,59200,Vogue Suites One,3999
1646,Pantai Hillpark,Fully Furnished,2,3,0,59200,Saville @ The Park,3200
1019,Pantai Hillpark,Fully Furnished,2,3,2,59200,Saville @ The Park,2600
1280,Bukit Kiara,Fully Furnished,2,3,1,50480,Mont Kiara Palma,2800
1250,Taman Danau Desa,Fully Furnished,2,3,1,58100,Danau Permai,2300
1019,Taman Sri Sinar,Unfurnished,2,3,0,51200,Scenaria @ North Kiara Hills,1300
1394,Happy Garden,Fully Furnished,2,3,2,58200,Le Yuan Residence,2600
969,KL Eco City,Fully Furnished,2,2,1,59200,Vogue Suites One,4300
1312,Taman Seputeh,Fully Furnished,2,3,1,58000,Seputeh Permai,2400
160,Setapak,Fully Furnished,1,1,1,53100,Platinum Hill PV 2,800
960,Bandar Menjalara,Fully Furnished,2,3,1,52200,Plaza Menjalara,2000
960,Bandar Menjalara,Fully Furnished,2,3,1,52200,Plaza Menjalara,1900
1155,Taman Sri Sinar,Fully Furnished,3,3,2,51200,Villa Crystal,3000
1380,Taman Tun Dr Ismail,Fully Furnished,2,3,1,60000,Kiara Park,2700
750,Pantai Dalam,Fully Furnished,1,1,1,59200,Pantai Panorama Condominiums,2000
1400,Pantai Hillpark,Fully Furnished,2,3,1,59200,Pantai Hillpark 1,2400
1475,Taman Tun Dr Ismail,Fully Furnished,2,3,1,60000,Villa Flora,3000
1307,Bukit Bintang,Fully Furnished,2,2,1,55100,Pavillion Suites,9000
1170,Taman Bukit Desa,Fully Furnished,2,3,1,58100,Desa Villa Condominium,2500
1018,Bandar Tun Razak,Unfurnished,2,3,2,56000,The Holmes 1,1400
906,Taman Seri Sentosa,Fully Furnished,2,3,1,58000,Avant Court,1700
1106,KLCC,Fully Furnished,2,2,0,50450,The Meritz,4800
1044,Taman Sungai Besi,Fully Furnished,2,3,3,57100,Midfields 2,2200
1800,Ampang,Fully Furnished,4,3,1,50450,Brunsfield EmbassyView,5000
1356,KLCC,Fully Furnished,2,2,1,50300,Mayang Court,3300
911,Taman Mas Tiara,Fully Furnished,2,3,1,51200,Kiara East,2200
700,KL City,Unfurnished,1,1,0,55100,Tribeca,3900
1000,Jalan Kuching,Fully Furnished,1,2,1,51200,Sri Putramas III / Royal Regent,2000
1100,Jalan Kuching,Fully Furnished,2,2,1,51200,Sri Putramas III / Royal Regent,2400
1019,Taman Sri Sinar,Fully Furnished,2,3,2,51200,Scenaria @ North Kiara Hills,2300
1237,Sentul Selatan,Fully Furnished,2,3,1,51000,The Fennel,3200
1300,Bukit Jalil,Fully Furnished,2,3,2,57000,Parkhill Residence,2500
1100,Bukit Jalil,Fully Furnished,2,3,2,57000,Parkhill Residence,2350
1237,Sentul Selatan,Fully Furnished,2,3,1,51000,The Fennel,3500
1000,Mont Kiara,Fully Furnished,2,2,0,50480,Mont Kiara Bayu,2400
1019,Taman Sri Sinar,Fully Furnished,2,3,2,51200,Scenaria @ North Kiara Hills,2400
350,Kuchai Lama,Fully Furnished,1,1,1,58200,Arte Condominium,1150
1035,Salak Selatan,Unfurnished,2,3,1,57100,Residensi Hijauan Lumayan,1200
1661,Mont Kiara,Fully Furnished,3,3,2,50480,Kiara 9 Residency,5000
1185,Sentul Selatan,Fully Furnished,3,3,2,51000,The Fennel,3300
1241,Mont Kiara,Fully Furnished,2,3,1,50480,Mont Kiara Astana,3000
750,Pantai Dalam,Fully Furnished,1,1,0,59200,Pantai Panorama Condominiums,1900
1206,Bukit Kiara,Unfurnished,2,3,1,50480,Mont Kiara Palma,4500
538,Bukit Bintang,Fully Furnished,1,1,0,55100,The Robertson,2800
1100,Bukit Jalil,Unfurnished,2,3,2,57000,Parkhill Residence,2500
1450,Kepong Baru,Fully Furnished,3,4,2,52100,First Residence (Residensi Unggul),2500
1100,Bukit Jalil,Fully Furnished,2,3,2,57000,Parkhill Residence,2400
1100,Bukit Jalil,Fully Furnished,2,3,2,57000,Parkhill Residence,2700
1300,Bukit Jalil,Unfurnished,2,3,2,57000,Parkhill Residence,2200
1168,Taman Gembira,Fully Furnished,2,3,2,58200,Gembira Residen,2400
1100,Dutamas,Fully Furnished,2,3,1,51200,Changkat View,2200
1009,Sentul,Unfurnished,2,3,1,51000,Sri Suajaya Condominium,1250
538,Bukit Bintang,Fully Furnished,1,1,1,55100,The Robertson,2800
538,Bukit Bintang,Unfurnished,1,1,1,55100,The Robertson,2800
1267,Taman Seri Rampai,Fully Furnished,2,3,2,53300,Villa Wangsamas,2000
1267,Taman Seri Rampai,Fully Furnished,3,4,1,53300,Villa Wangsamas,2100
1272,Taman City,Fully Furnished,2,3,2,51200,Boulevard Serviced Apartment,2200
1250,Pantai Dalam,Fully Furnished,2,2,0,59200,Pantai Panorama Condominiums,2700
1250,Pantai Dalam,Fully Furnished,2,3,0,59200,Pantai Panorama Condominiums,2300
1250,Pantai Dalam,Fully Furnished,2,2,0,59200,Pantai Panorama Condominiums,2500
1081,Sentul,Fully Furnished,2,3,2,51100,1 Sentul,2000
1100,Dutamas,Fully Furnished,2,3,1,51200,Changkat View,1800
1451,Dutamas,Fully Furnished,3,3,2,52100,Verdana,3500
1106,Taman Sungai Besi,Unfurnished,2,3,2,57100,The Vyne,1599
1235,Taman Desa,Fully Furnished,2,3,0,58200,Bukit Desa Condominium,2300
1300,Bukit Jalil,Unfurnished,2,4,0,57000,Parkhill Residence,1888
1076,Jalan Klang Lama (Old Klang Road),Unfurnished,2,3,0,58200,Petalz Residences,1750
1400,Taman Tun Dr Ismail,Unfurnished,2,3,1,60000,Mas Kiara Residences,2900
1279,Taman Desa,Fully Furnished,2,2,2,58100,Casa Desa,2000
1076,KLCC,Fully Furnished,2,2,1,50450,The Meritz,4700
1320,Jalan Kuching,Fully Furnished,2,3,0,50000,Royal Domain Sri Putramas 2,2200
880,Jalan Kuching,Fully Furnished,2,2,1,51200,Sri Putramas III / Royal Regent,2200
1300,Jalan Kuching,Fully Furnished,2,3,0,50000,Royal Domain Sri Putramas 2,1800
865,Jalan Kuching,Fully Furnished,2,2,1,51200,Sri Putramas III / Royal Regent,2200
865,Jalan Kuching,Fully Furnished,2,2,0,51200,Sri Putramas III / Royal Regent,2200
1100,Jalan Kuching,Fully Furnished,2,3,0,51200,Sri Putramas,1700
1300,Jalan Kuching,Fully Furnished,2,3,0,50000,Royal Domain Sri Putramas 2,1900
1100,Jalan Kuching,Fully Furnished,2,3,0,51200,Sri Putramas III / Royal Regent,2200
1100,Jalan Kuching,Fully Furnished,2,3,0,51200,Sri Putramas,1800
1087,Sentul,Fully Furnished,3,3,1,51100,The Saffron,2180
600,Jalan Ipoh,Fully Furnished,1,2,1,52100,Rivercity Condominium,1600
400,Jalan Ipoh,Fully Furnished,1,1,0,52100,Rivercity Condominium,1300
1035,Salak Selatan,Unfurnished,2,3,1,57100,Residensi Hijauan Lumayan,1100
1076,KLCC,Fully Furnished,2,2,1,50450,The Meritz,5500
1071,Mont Kiara,Fully Furnished,2,2,1,50480,Mont Kiara Sophia,3500
1260,Bandar Menjalara,Unfurnished,2,3,0,52200,Plaza Menjalara,1780
1504,Bukit Jalil,Fully Furnished,3,3,2,57000,KM1 West,3200
1513,Bukit Jalil,Fully Furnished,2,3,0,58200,The Rainz,3900
1451,Dutamas,Fully Furnished,3,3,0,52100,Verdana,3500
1000,KLCC,Fully Furnished,2,1,0,50450,The Troika,6000
1451,Dutamas,Fully Furnished,3,3,0,52100,Verdana,3600
1500,Bangsar,Fully Furnished,2,3,0,59100,Bangsar Puteri,4000
1451,Dutamas,Fully Furnished,3,3,0,52100,Verdana,3800
1032,Bukit Jalil,Fully Furnished,2,2,2,58200,The Z Residence,2300
1200,KLCC,Fully Furnished,2,1,0,50450,The Troika,6500
750,Bangsar,Fully Furnished,1,1,1,59100,Bangsar Indah,1900
1135,Taman Tun Dr Ismail,Fully Furnished,2,2,1,60000,Kiara View,2800
1170,Taman Bukit Desa,Fully Furnished,2,3,1,58100,Desa Villa Condominium,2600
1646,KLCC,Fully Furnished,2,2,1,50450,The Troika,7000
1112,Bangsar,Fully Furnished,2,2,1,59100,Suasana Bangsar,4000
1388,KLCC,Fully Furnished,2,2,0,50450,The Meritz,5500
1076,KLCC,Fully Furnished,2,2,1,50450,The Meritz,4500
1071,Mont Kiara,Fully Furnished,2,2,1,50480,Mont Kiara Sophia,3000
1186,Sentul Selatan,Fully Furnished,3,3,3,51000,The Fennel,3500
1280,Bukit Kiara,Fully Furnished,2,3,1,50480,Mont Kiara Palma,3800
1140,Taman Sungai Besi,Fully Furnished,2,3,1,57100,Midfields,1900
850,KL City Centre,Fully Furnished,1,1,1,50450,Mirage Residence,3500
1570,KL City Centre,Fully Furnished,3,3,0,50450,Mirage Residence,4800
1100,Bukit Jalil,Fully Furnished,2,5,1,57000,Parkhill Residence,900
1561,Mont Kiara,Fully Furnished,2,3,1,50480,Mont Kiara Pelangi,4500
1335,Taman Tun Dr Ismail,Fully Furnished,2,3,2,60000,Kiara View,4000
1025,Taman Danau Desa,Fully Furnished,2,3,1,58100,Danau Idaman,1800
1234,Bukit Jalil,Fully Furnished,2,3,2,58200,The Z Residence,2200
1333,Setapak,Unfurnished,2,4,2,53200,Platinum Lake PV 20,1550
1207,Taman Danau Kota,Fully Furnished,2,3,1,53100,Platinum Lake PV 12,1700
926,Cheras,Fully Furnished,2,3,1,56000,Bayu Tasik 2,1500
1100,Cheras,Unfurnished,2,4,0,56100,Bukit Pandan Kondominium 1,1400
1200,Cheras,Unfurnished,2,3,0,56100,Bukit Pandan Kondominium 1,1400
1100,Cheras,Fully Furnished,2,3,0,56100,Bukit Pandan Kondominium 2,1350
1280,Mont Kiara,Fully Furnished,2,3,1,50480,Mont Kiara Bayu,3000
1206,Mont Kiara,Fully Furnished,2,2,1,50480,Mont Kiara Sophia,2900
1178,Mont Kiara,Fully Furnished,2,3,2,50480,Laman Suria,2800
700,Dutamas,Fully Furnished,1,1,1,51200,Icon Residence,2500
1175,Dutamas,Fully Furnished,2,2,2,51200,Icon Residence,3800
1200,Taman Sri Endah,Fully Furnished,2,3,1,57000,Endah Villa,1500
1048,Mont Kiara,Fully Furnished,2,2,1,50480,Mont Kiara Bayu,2500
926,Mont Kiara,Fully Furnished,2,2,1,50480,Laman Suria,2600
1328,Taman Kuchai Jaya,Unfurnished,2,3,2,58200,Palace Court (Sri Istana),1800
1782,Happy Garden,Fully Furnished,4,4,2,58200,Le Yuan Residence,2950
1085,Sentul,Fully Furnished,2,3,1,51100,The Saffron,2300
698,Taman Mas Tiara,Fully Furnished,1,2,1,51200,Kiara East,1750
1200,Jalan Kuching,Fully Furnished,2,3,1,51200,Sri Putramas III / Royal Regent,2400
900,Jalan Kuching,Fully Furnished,2,3,1,51200,Sri Putramas III / Royal Regent,2500
900,Jalan Kuching,Fully Furnished,2,3,1,51200,Sri Putramas III / Royal Regent,2300
1242,Mont Kiara,Fully Furnished,2,3,0,50480,Mont Kiara Astana,3800
1228,Mont Kiara,Fully Furnished,2,3,0,50480,Mont Kiara Pines,2800
710,KL Eco City,Fully Furnished,1,1,0,59200,Vogue Suites One,3100
992,Jalan Klang Lama (Old Klang Road),Unfurnished,2,2,2,58200,Petalz Residences,2600
982,Bandar Manjalara,Fully Furnished,2,3,1,52200,Menara Menjalara,1300
1490,Taman Danau Kota,Fully Furnished,2,4,0,53300,Platinum Lake PV 16,2500
1220,Taman Sri Jati,Fully Furnished,4,4,1,58200,Residence 8,2000
1228,Mont Kiara,Fully Furnished,2,3,1,50480,Mont Kiara Pines,2800
1241,Mont Kiara,Fully Furnished,2,3,1,50480,Mont Kiara Astana,3500
1890,Mont Kiara,Fully Furnished,2,3,2,50480,Kiaramas Cendana,4500
1200,Taman Yarl,Fully Furnished,2,3,1,58200,Greenpark,1000
1250,Mont Kiara,Fully Furnished,2,3,1,50480,Mont Kiara Pines,3200
1550,Mont Kiara,Fully Furnished,2,3,1,50480,Angkupuri Condominium,3200
1428,Mont Kiara,Fully Furnished,2,3,1,50480,Mont Kiara Pines,4000
1556,Mont' Kiara,Fully Furnished,3,4,0,50480,Almaspuri,4200
1100,Bukit Jalil,Unfurnished,2,3,2,57000,Parkhill Residence,1700
1025,Kuala Lumpur,Fully Furnished,2,3,1,50480,Villa Putra,2500
1100,Bukit Jalil,Unfurnished,2,3,2,57000,Parkhill Residence,1400
1400,Taman Seputeh,Fully Furnished,2,3,1,58000,Robson Condominium,2600
1100,Cheras,Fully Furnished,2,3,2,55100,Pertiwi Indah,2000
950,Cheras,Fully Furnished,2,3,1,56000,Bayu Tasik 2,1600
1208,Bukit Kiara,Fully Furnished,2,3,0,50480,Mont Kiara Palma,3000
1500,Mont Kiara,Fully Furnished,2,3,0,50480,Mont Kiara Meridin,4200
1400,Bukit Bintang,Unfurnished,2,3,1,50200,City Gardens,2500
1100,Bangsar,Fully Furnished,2,2,1,59100,Bangsar Puteri,2500
1370,Bukit Jalil,Fully Furnished,2,3,0,57000,Savanna Condominium,2500
1065,Hampshire Park,Fully Furnished,2,2,0,50450,Hampshire Residences,3500
698,Taman Mas Tiara,Fully Furnished,1,2,1,51200,Kiara East,1700
1518,Mont Kiara,Fully Furnished,3,3,0,50480,Aston Kiara 3,2800
2906,Mont Kiara,Fully Furnished,4,4,0,50480,Seni Mont Kiara,9000
2045,Mont Kiara,Fully Furnished,4,4,0,50480,Kiaramas Danai,6500
1200,Bangsar,Fully Furnished,2,2,1,59100,Sri Penaga,4500
1872,Taman Tun Dr Ismail,Fully Furnished,2,3,2,60000,The Plaza Condominium @ TTDI,4000
646,Bukit Bintang,Fully Furnished,1,1,0,55100,The Robertson,3300
1296,Bukit Jalil,Fully Furnished,3,4,2,57000,Covillea,3000
646,Bukit Bintang,Fully Furnished,1,1,0,55100,The Robertson,3500
689,Bukit Bintang,Fully Furnished,1,1,0,55100,The Robertson,3200
689,Bukit Bintang,Fully Furnished,1,1,0,55100,The Robertson,3400
538,Bukit Bintang,Fully Furnished,1,1,0,55100,The Robertson,2900
1000,Taman OUG,Fully Furnished,2,2,2,58200,O.G Heights,2000
1500,Mont Kiara,Fully Furnished,2,3,1,50480,Mont Kiara Pelangi,4500
1064,Taman City,Unfurnished,2,3,1,51200,Boulevard Serviced Apartment,1600
750,Pantai Dalam,Fully Furnished,1,1,1,59200,Pantai Panorama Condominiums,1600
750,Pantai Dalam,Fully Furnished,1,1,1,59200,Pantai Panorama Condominiums,1700
750,Pantai Dalam,Fully Furnished,1,1,1,59200,Pantai Panorama Condominiums,1800
1200,Pantai Dalam,Unfurnished,2,2,1,59200,Pantai Panorama Condominiums,1800
1250,Pantai Dalam,Fully Furnished,2,3,1,59200,Pantai Panorama Condominiums,2500
1250,Pantai Dalam,Fully Furnished,2,2,1,59200,Pantai Panorama Condominiums,3000
1389,Desa ParkCity,Fully Furnished,2,3,2,52200,The Westside Two,4200
936,Mont Kiara,Fully Furnished,2,2,1,50480,Laman Suria,2300
1050,Mont Kiara,Fully Furnished,2,3,2,50480,Laman Suria,3200
1038,Mont Kiara,Fully Furnished,2,2,1,50480,Laman Suria,2500
1485,Bangsar South,Fully Furnished,3,3,0,59100,Begonia @ The Park Residences,4400
1200,Bangsar,Fully Furnished,2,2,1,59100,Sri Penaga,4000
500,Brickfields,Unfurnished,1,2,0,50470,Mutiara Residency,2250
1600,Brickfields,Unfurnished,3,4,1,50470,Mutiara Residency,4000
1000,KL Sentral,Unfurnished,3,3,1,50450,Suasana Sentral Loft,4500
1250,Mont Kiara,Fully Furnished,2,3,2,50480,Mont Kiara Pines,3800
1346,Desa ParkCity,Fully Furnished,2,3,2,52200,The Breezeway,4200
1600,Mont' Kiara,Fully Furnished,3,4,1,50480,Almaspuri,4000
798,Mont Kiara,Fully Furnished,2,1,1,50480,Mont Kiara Bayu,2500
1428,Mont Kiara,Fully Furnished,2,3,1,50480,Mont Kiara Pines,3500
1350,Mont Kiara,Fully Furnished,2,3,2,50480,Mont Kiara Pines,4500
1200,Bukit Kiara,Fully Furnished,2,3,1,50480,Mont Kiara Palma,4000
1280,Mont Kiara,Fully Furnished,2,3,1,50480,Mont Kiara Pines,3200
1184,Desa ParkCity,Fully Furnished,3,3,0,52000,Nadia,2500
1280,Mont Kiara,Fully Furnished,2,3,1,50480,Mont Kiara Pelangi,4000
1292,Desa ParkCity,Fully Furnished,2,2,2,52200,The Breezeway,4500
1389,Desa ParkCity,Fully Furnished,2,3,2,52200,The Westside Two,4000
1184,Desa ParkCity,Fully Furnished,2,3,0,52000,Nadia,2600
1085,Sentul,Fully Furnished,2,3,0,51100,The Saffron,2200
1440,Setapak,Fully Furnished,3,3,2,53200,The Reach @ Titiwangsa,3000
1081,Sentul,Fully Furnished,2,3,1,51100,The Saffron,2300
1011,Jalan Ipoh,Fully Furnished,2,3,1,52100,Alam Puri,1800
1011,Jalan Ipoh,Fully Furnished,2,3,1,52100,Alam Puri,2000
1009,Jalan Ipoh,Fully Furnished,2,3,1,52100,Alam Puri,1800
1253,Dutamas,Fully Furnished,2,3,2,52100,28 Dutamas,3000
1081,Sentul,Fully Furnished,2,3,0,51100,1 Sentul,2000
1100,Kuchai Lama,Unfurnished,2,3,0,58200,De Tropicana,1600
1182,KLCC,Fully Furnished,2,3,1,50250,The Crest,3700
1129,Taman Desa,Fully Furnished,2,3,2,58100,Casa Desa,2200
1500,Bukit Kiara,Fully Furnished,3,3,0,50480,Mont Kiara Palma,3000
1100,Taman Tun Dr Ismail,Unfurnished,2,3,1,60000,Sri TTDI,3000
900,Taman Len Seng,Unfurnished,1,1,0,43200,Maxim Residences,1500
1126,Cheras,Fully Furnished,2,2,1,56100,Bukit Pandan Kondominium 2,1350
1268,Mont Kiara,Fully Furnished,2,3,1,50480,Mont Kiara Pines,3800
1208,Bukit Kiara,Fully Furnished,2,3,2,50480,Mont Kiara Palma,3900
1068,Mont Kiara,Unfurnished,2,2,1,50480,Mont Kiara Bayu,3000
1400,Mont Kiara,Fully Furnished,2,3,1,50480,Mont Kiara Astana,4000
1268,Mont Kiara,Fully Furnished,2,3,1,50480,Mont Kiara Pines,3500
1551,Mont' Kiara,Fully Furnished,3,4,1,50480,Almaspuri,4000
1280,Mont Kiara,Fully Furnished,2,3,1,50480,Mont Kiara Pelangi,3000
1100,Setapak,Fully Furnished,2,3,2,53300,Residensi Rampai (The Parc Tower),2000
1173,Bangsar,Fully Furnished,2,2,1,59100,Cascadium,3500
2250,KL City Centre,Fully Furnished,4,4,0,50450,The Binjai on the Park,10000
1470,Jalan Kuching,Fully Furnished,2,3,1,51200,Sri Putramas III / Royal Regent,2900
1081,Sentul,Fully Furnished,2,3,2,51100,1 Sentul,1800
1186,Sentul Selatan,Fully Furnished,3,3,2,51000,The Fennel,2900
1241,Mont Kiara,Fully Furnished,2,3,1,50480,Mont Kiara Astana,3600
1428,Mont Kiara,Unfurnished,2,3,1,50480,Mont Kiara Pines,3500
1300,Mont Kiara,Fully Furnished,2,3,1,50480,Mont Kiara Astana,3000
1280,Mont Kiara,Fully Furnished,2,3,1,50480,Mont Kiara Pelangi,3800
1280,Bukit Kiara,Fully Furnished,2,3,1,50480,Mont Kiara Palma,3700
1208,Mont Kiara,Fully Furnished,2,2,1,50480,Mont Kiara Sophia,3200
1208,Bukit Kiara,Fully Furnished,2,3,1,50480,Mont Kiara Palma,4000
750,Mont Kiara,Fully Furnished,1,1,1,50480,Mont Kiara Sophia,3000
1208,Mont Kiara,Fully Furnished,2,2,0,50480,Mont Kiara Sophia,3200
684,Dutamas,Fully Furnished,1,1,1,51200,Icon Residence,2800
1710,Mont Kiara,Fully Furnished,2,4,1,50480,Lanai Kiara,3800
2513,Mont Kiara,Fully Furnished,5,4,2,50480,Mont Kiara Meridin,6500
1440,Mont Kiara,Fully Furnished,2,3,1,50480,Mont Kiara Pines,3000
750,Mont Kiara,Fully Furnished,1,1,1,50480,Mont Kiara Sophia,2400
616,KLCC,Fully Furnished,1,1,1,50250,The Crest,2300
538,Bukit Bintang,Unfurnished,1,1,1,55100,The Robertson,3300
1300,Brickfields,Fully Furnished,3,4,1,50470,Mutiara Residency,3800
908,Setapak,Unfurnished,2,3,2,53200,Ascenda Residence @ Skyarena,1400
689,Bukit Bintang,Fully Furnished,1,1,1,55100,The Robertson,3200
807,Bukit Bintang,Fully Furnished,2,2,2,55100,The Robertson,3900
538,Bukit Bintang,Fully Furnished,1,1,1,55100,The Robertson,3200
1119,KL Eco City,Fully Furnished,2,2,2,59200,Vogue Suites One,4500
1200,Mont Kiara,Fully Furnished,2,3,2,50480,Pavilion Hilltop,4800
1513,Bukit Jalil,Fully Furnished,3,4,3,58200,The Rainz,3300
969,KL Eco City,Fully Furnished,2,2,2,59200,Vogue Suites One,3800
657,KL Eco City,Fully Furnished,1,1,1,59200,Vogue Suites One,2600
1076,KL Eco City,Fully Furnished,2,2,1,59200,Vogue Suites One,4200
1186,Sentul Selatan,Fully Furnished,3,3,3,51000,The Fennel,2700
1210,Bukit Bintang,Fully Furnished,2,3,1,50200,City Gardens,3000
1280,Mont Kiara,Fully Furnished,2,3,0,50480,Mont Kiara Pelangi,3300
2513,Mont Kiara,Fully Furnished,3,4,2,50480,Mont Kiara Meridin,7000
3000,KL Sentral,Fully Furnished,4,4,1,50470,Suasana Sentral Condominiums,7500
1100,Bukit Jalil,Fully Furnished,2,3,2,57000,Parkhill Residence,2099
1076,KL Eco City,Unfurnished,2,2,1,59200,Vogue Suites One,4200
1100,Bukit Jalil,Fully Furnished,2,3,2,57000,Parkhill Residence,2500
1018,Bandar Tun Razak,Fully Furnished,2,3,2,56000,The Holmes 1,2200
1119,KL Sentral,Fully Furnished,2,2,1,50450,Suasana Sentral Loft,4000
650,Bukit Bintang,Fully Furnished,1,1,1,50150,The Robertson,2400
1270,Hampshire Park,Fully Furnished,2,2,1,50450,Hampshire Residences,5200
1034,Desa ParkCity,Fully Furnished,1,2,2,52200,One Central Park,4200
1237,Sentul Selatan,Fully Furnished,3,3,2,51000,The Fennel,2800
1044,Taman Sungai Besi,Fully Furnished,2,3,2,57100,Midfields 2,2200
1280,Bukit Kiara,Fully Furnished,2,3,2,50480,Mont Kiara Palma,3200
2153,Bukit Ceylon,Fully Furnished,4,4,2,50200,Verticas Residensi,8000
1598,Mont Kiara,Fully Furnished,3,3,2,50480,Aston Kiara 3,2600
1598,Mont Kiara,Fully Furnished,3,3,2,50480,Aston Kiara 3,2800
1025,Mont Kiara,Fully Furnished,2,2,1,50480,Laman Suria,2400
1085,Desa ParkCity,Fully Furnished,2,2,0,52000,Nadia,3000
1200,Mont Kiara,Fully Furnished,2,3,0,50480,Pavilion Hilltop,4800
1342,Bukit Jalil,Fully Furnished,2,3,3,57000,Savanna Condominium,2500
2068,Bangsar South,Fully Furnished,3,3,0,59100,Begonia @ The Park Residences,5000
680,Bukit Ceylon,Fully Furnished,1,1,1,50200,Verticas Residensi,3500
728,Dutamas,Fully Furnished,1,1,1,51200,Icon Residence,2400
646,Bukit Bintang,Fully Furnished,1,1,1,50150,The Robertson,2600
1500,KL City Centre,Fully Furnished,2,3,1,50450,Corinthian Condominium,3000
1200,Taman Pelangi,Unfurnished,2,3,1,51000,Pelangi Kondominium,1600
1550,KL City Centre,Fully Furnished,3,2,0,50250,Idaman Residence,4300
1200,Mont Kiara,Fully Furnished,3,3,1,50480,Pavilion Hilltop,4800
1400,Bangsar,Fully Furnished,3,3,1,59100,Bangsar Indah,3000
650,Bangsar,Fully Furnished,1,1,1,59100,Bangsar Indah,2200
1551,KL Sentral,Fully Furnished,2,3,0,50470,Suasana Sentral Condominiums,4000
820,Taman Connaught,Fully Furnished,2,3,1,56000,Puncak Banyan,1300
1152,Taman Sungai Besi,Fully Furnished,1,1,2,57100,Midfields 2,1000
1693,KL City Centre,Fully Furnished,3,3,2,50250,Idaman Residence,6000
850,Mont Kiara,Fully Furnished,1,2,0,50480,Tiffani kiara,3000
2110,Desa ParkCity,Fully Furnished,4,4,0,52200,The Northshore Gardens,5500
1237,Sentul Selatan,Fully Furnished,3,3,2,51000,The Fennel,3300
1253,Dutamas,Fully Furnished,2,3,1,52100,28 Dutamas,3000
1195,Brickfields,Fully Furnished,2,2,0,50470,633 Residency,3500
815,Mont Kiara,Fully Furnished,1,1,0,50480,Tiffani kiara,3500
1200,Mont Kiara,Fully Furnished,3,3,2,50480,Pavilion Hilltop,4800
1259,Wangsa Maju,Fully Furnished,2,3,2,53100,Seri Riana Residence,3800
1528,Wangsa Maju,Fully Furnished,2,3,2,53100,Seri Riana Residence,3900
538,Bukit Bintang,Fully Furnished,1,1,0,50150,The Robertson,2800
689,Bukit Bintang,Fully Furnished,1,1,1,50150,The Robertson,3800
538,Bukit Bintang,Fully Furnished,1,1,1,50150,The Robertson,2650
1485,Alam Damai,Fully Furnished,3,3,2,56000,Altitude 236,3500
730,Jalan Klang Lama (Old Klang Road),Unfurnished,1,2,0,58200,Petalz Residences,1550
1044,Taman Sungai Besi,Unfurnished,2,3,2,57100,Midfields 2,1700
1044,Taman Sungai Besi,Unfurnished,2,3,2,57100,Midfields 2,1500
1756,Mont Kiara,Fully Furnished,3,3,0,50480,Tiffani kiara,4800
1800,Taman Tun Dr Ismail,Fully Furnished,3,4,2,60000,Kiara Park,4200
689,KL City,Fully Furnished,1,2,1,55100,Tribeca,5000
660,KL City,Fully Furnished,1,2,1,55100,Tribeca,5000
1048,Mont Kiara,Fully Furnished,2,2,1,50480,Mont Kiara Bayu,3000
1200,Dutamas,Fully Furnished,2,2,2,51200,Icon Residence,4000
1018,Bandar Tun Razak,Unfurnished,3,3,2,56000,The Holmes 1,1300
753,Hampshire Park,Fully Furnished,1,1,1,50450,Hampshire Residences,2800
1209,Mont Kiara,Fully Furnished,2,2,1,50480,Mont Kiara Sophia,3300
1260,Bangsar South,Fully Furnished,2,2,2,59100,Begonia @ The Park Residences,3500
900,Cheras,Fully Furnished,2,3,1,56100,Ketumbar Hill,1500
1100,Bukit Jalil,Fully Furnished,2,3,2,57000,Parkhill Residence,2200
1528,Wangsa Maju,Fully Furnished,2,3,0,53100,Seri Riana Residence,3800
1237,Sentul Selatan,Fully Furnished,3,3,2,51000,The Fennel,2400
1212,Bukit Jalil,Fully Furnished,2,4,3,57000,Savanna Condominium,2300
2153,Bukit Ceylon,Fully Furnished,5,4,2,50200,Verticas Residensi,8500
1280,Bukit Kiara,Fully Furnished,2,3,0,50480,Mont Kiara Palma,3800
800,Sentul,Unfurnished,2,3,1,51100,Sky Awani Residensi 1,1100
619,Taman Len Seng,Unfurnished,1,1,1,43200,Maxim Residences,1100
1478,Dutamas,Fully Furnished,3,2,2,51200,Icon Residence,4000
1280,Bukit Kiara,Fully Furnished,2,3,1,50480,Mont Kiara Palma,3100
1313,Setapak,Unfurnished,2,4,1,53200,Platinum Lake PV 20,1600
140,Setapak,Unfurnished,1,1,0,53100,Platinum Hill PV 2,700
904,Desa ParkCity,Fully Furnished,1,2,2,52200,The Northshore Gardens,3000
1050,Jalan Kuching,Fully Furnished,2,3,1,51200,Sri Putramas,1600
1475,Taman Tun Dr Ismail,Fully Furnished,2,3,1,60000,Villa Flora,2500
1389,Desa ParkCity,Fully Furnished,2,3,2,52200,The Westside Two,3700
1350,Taman Seputeh,Fully Furnished,2,3,1,58000,Robson Condominium,2500
855,Taman Sungai Besi,Fully Furnished,2,2,1,57100,The Vyne,1600
1200,Mont Kiara,Fully Furnished,2,3,1,50480,Mont Kiara Pines,2600
753,Taman Melawati,Unfurnished,1,1,0,53100,The Veo,1400
753,Taman Melawati,Fully Furnished,1,1,0,53100,The Veo,1600
1862,KL City Centre,Fully Furnished,2,3,1,50450,Corinthian Condominium,5000
935,Jalan Klang Lama (Old Klang Road),Fully Furnished,2,3,2,58200,Petalz Residences,2300
1019,Pantai Hillpark,Fully Furnished,2,3,0,59200,Saville @ The Park,2500
1011,Bandar Baru Sentul,Fully Furnished,2,3,2,51000,Rafflesia,1800
1280,Mont Kiara,Fully Furnished,2,3,0,50480,Mont Kiara Bayu,3000
753,Taman Melawati,Fully Furnished,1,1,1,53100,The Veo,2000
753,Taman Melawati,Fully Furnished,1,2,0,53100,The Veo,1700
1500,Setapak,Unfurnished,2,4,1,53100,Platinum Hill PV 2,2100
1011,Bandar Baru Sentul,Fully Furnished,2,3,2,51000,Rafflesia,1700
760,Taman Melawati,Unfurnished,2,3,1,53100,The Veo,1500
1034,Desa ParkCity,Fully Furnished,1,2,0,52200,One Central Park,4200
1076,KL Eco City,Fully Furnished,2,2,0,59200,Vogue Suites One,4300
1100,Pantai Hillpark,Fully Furnished,2,3,1,59200,Pantai Hillpark 2,2100
1632,Ampang,Fully Furnished,4,4,1,50450,Brunsfield EmbassyView,5000
1050,Taman Len Seng,Fully Furnished,2,3,2,43200,Maxim Residences,2300
1000,Taman Segar,Fully Furnished,2,3,1,56100,Segar Courts,2700
1200,Mont Kiara,Fully Furnished,2,3,0,50480,Mont Kiara Meridin,4000
1087,Batu Caves,Unfurnished,2,3,2,51200,Clarita Tower @ Eco Sky,2900
1040,Mont Kiara,Fully Furnished,2,2,1,50480,Mont Kiara Bayu,2750
1485,Bangsar South,Fully Furnished,2,3,1,59100,Begonia @ The Park Residences,4200
1330,Sentul Selatan,Unfurnished,2,3,1,51000,The Fennel,3200
1250,Taman Danau Desa,Fully Furnished,2,3,1,58100,Danau Permai,2200
1349,KLCC,Fully Furnished,2,1,1,50450,The Troika,5800
1018,Bandar Tun Razak,Fully Furnished,2,3,0,56000,The Holmes 1,2000
1130,Bukit Kiara,Unfurnished,2,3,2,50480,Mont Kiara Palma,2000
1215,Jalan Ipoh,Fully Furnished,2,3,1,52100,Rivercity Condominium,1700
1323,Taman Rainbow,Fully Furnished,2,3,1,51100,Villa Angsana,1800
1215,Jalan Klang Lama (Old Klang Road),Fully Furnished,2,3,1,58200,288 Residences,2000
1550,Brickfields,Fully Furnished,2,4,1,50470,Sri Impian Condominium,3000
1050,Kuala Lumpur,Fully Furnished,2,3,1,50350,Villa Puteri,2350
920,Taman Connaught,Fully Furnished,2,3,1,56000,Angkasa Condominiums,1900
1249,Mont Kiara,Fully Furnished,2,3,1,50480,Angkupuri Condominium,3400
1216,Mont Kiara,Fully Furnished,2,3,1,50480,Mont Kiara Pines,3100
1089,Sentul,Fully Furnished,2,3,1,51100,The Saffron,2400
660,Bukit Bintang,Fully Furnished,1,1,1,50200,Angkasa Impian 2,2000
855,Taman Sungai Besi,Fully Furnished,2,2,1,57100,The Vyne,2000
1200,Bangsar,Fully Furnished,2,2,1,59100,Sri Penaga,3500
1250,Taman Bukit Desa,Fully Furnished,2,3,1,58100,Desa Villa Condominium,2200
1250,Taman Desa,Fully Furnished,2,3,1,58100,Tiara Faber,1800
1588,Taman Desa,Fully Furnished,2,3,0,58100,OBD Garden Tower,3200
1250,Taman Desa,Fully Furnished,2,3,0,58100,Tiara Faber,2000
1900,Mont Kiara,Unfurnished,2,3,2,50450,Kiaraville,5000
850,Sri Petaling,Unfurnished,2,2,1,57000,Petaling Indah Condominiums,1150
1800,Ampang,Fully Furnished,3,3,0,50450,Brunsfield EmbassyView,6000
1900,Taman U Thant,Fully Furnished,2,2,1,55000,Desa Angkasa,4500
990,Sri Hartamas,Fully Furnished,2,2,0,50480,Puncak Prima,2500
689,Bukit Bintang,Fully Furnished,1,1,1,50150,The Robertson,3200
930,Kepong Baru,Fully Furnished,2,3,1,52100,First Residence (Residensi Unggul),1800
1138,Taman Midah,Fully Furnished,2,3,1,56000,Midah Ria Condominium,1600
1700,Taman Pertama,Fully Furnished,3,4,2,55100,Sky Vista Residency,2500
1200,Jalan Klang Lama (Old Klang Road),Fully Furnished,3,4,2,58200,Petalz Residences,2500
1100,Jalan Klang Lama (Old Klang Road),Fully Furnished,2,4,0,58200,Petalz Residences,2300
1200,Bukit Jalil,Fully Furnished,2,3,0,57000,Parkhill Residence,2300
1000,Taman Sri Endah,Unfurnished,2,3,0,57000,Endah Ria,1100
1000,Sri Petaling,Unfurnished,2,3,0,57000,Endah Regal Condominium,1100
1000,Taman Sri Endah,Unfurnished,2,3,0,57000,Endah Villa,1100
1000,Bukit Jalil,Unfurnished,2,3,0,57000,Vista Komanwel C,1100
1000,Bukit Jalil,Unfurnished,2,3,0,57000,Vista Komanwel B,1100
1000,Bukit Jalil,Unfurnished,2,3,0,57000,Vista Komanwel A,1100
1000,Bukit Jalil,Unfurnished,2,3,0,57000,Green Avenue Condominium,1100
890,Jalan Kuching,Fully Furnished,2,2,0,51200,Sri Putramas III / Royal Regent,1800
1125,Jalan Kuching,Fully Furnished,2,3,0,50000,Royal Domain Sri Putramas 2,1800
1420,Batu Caves,Fully Furnished,2,3,0,68100,Villa Lagenda,1600
1056,Jalan Tun Razak,Fully Furnished,2,2,1,50450,Menara Bintang Goldhill,2800
1313,Taman Danau Kota,Fully Furnished,2,3,1,53300,Platinum Lake PV 13,1900
753,Hampshire Park,Unfurnished,1,1,0,50450,Hampshire Residences,2800
1646,KLCC,Unfurnished,3,2,0,50450,The Troika,5500
980,KLCC,Unfurnished,1,1,0,50450,The Troika,3800
2500,KL City Centre,Unfurnished,2,2,0,50250,Idaman Residence,4600
1003,Bukit Jalil,Unfurnished,2,3,2,58200,Casa Green,1200
1050,Pantai Hillpark,Fully Furnished,2,3,1,59200,Pantai Hillpark 5,2200
600,Bukit Bintang,Fully Furnished,1,1,1,50150,The Robertson,2600
1690,Kampungg Datuk Keramat,Fully Furnished,3,3,1,55000,202 DC (Desa Cahaya),3500
2068,Bangsar South,Fully Furnished,3,3,0,59100,Begonia @ The Park Residences,5400
1700,Bangsar,Fully Furnished,2,3,0,59100,Sri Wangsaria,4300
1117,Bangsar,Unfurnished,2,2,0,59100,Cascadium,3900
700,KL Eco City,Fully Furnished,1,1,1,59200,Vogue Suites One,3500
1270,Hampshire Park,Fully Furnished,2,2,1,50450,Hampshire Residences,4500
1270,Hampshire Park,Fully Furnished,2,2,1,50450,Hampshire Residences,4900
1150,Taman Maluri,Fully Furnished,2,3,1,55100,Casa Ria,1800
530,Cheras,Fully Furnished,1,1,1,55100,Pertiwi Indah,1350
950,Taman Danau Desa,Fully Furnished,2,3,1,58100,Danau Idaman,1500
1800,Ampang,Fully Furnished,4,4,0,55000,Lanson Place,4000
1056,Jalan Tun Razak,Fully Furnished,2,2,0,50450,Menara Bintang Goldhill,3800
755,Cheras,Unfurnished,2,2,0,56100,Ketumbar Heights,900
1316,Bandar Menjalara,Fully Furnished,3,4,0,52200,Menjalara 18,2300
2095,Bangsar,Fully Furnished,3,4,0,50450,Acacia @ The Park Residences,6000
1215,Jalan Ipoh,Fully Furnished,2,3,0,52100,Rivercity Condominium,1800
1087,Sentul,Fully Furnished,2,3,0,51100,The Saffron,2200
1050,Taman Len Seng,Fully Furnished,2,3,1,43200,Maxim Residences,2300
858,Ampang Hilir,Fully Furnished,2,3,1,54200,Suria Jelatek,2000
1200,Bukit Kiara,Unfurnished,2,3,1,50480,Mont Kiara Palma,4000
1428,Mont Kiara,Fully Furnished,2,3,1,50480,Mont Kiara Pines,3800
1200,Dutamas,Fully Furnished,2,2,1,51200,Icon Residence,4500
1430,Taman Segambut,Fully Furnished,2,3,2,52100,Duta Ria,2500
1100,Bukit Jalil,Unfurnished,2,3,2,57000,Parkhill Residence,1499
657,KL Eco City,Fully Furnished,1,1,1,59200,Vogue Suites One,2400
1292,Taman Desa,Fully Furnished,2,2,0,58100,OBD Garden Tower,3000
1110,Taman Desa,Fully Furnished,2,3,2,58100,Casa Desa,2800
1237,Sentul Selatan,Fully Furnished,3,3,2,51000,The Fennel,3000
1511,Bangsar,Fully Furnished,2,3,1,59100,Bangsar Puteri,4000
1465,Mont Kiara,Fully Furnished,2,3,1,50480,Mont Kiara Pines,3700
1180,Dutamas,Fully Furnished,2,2,0,51200,Icon Residence,4300
1399,Mont Kiara,Fully Furnished,2,3,1,50480,Angkupuri Condominium,3200
1100,Bukit Jalil,Fully Furnished,2,3,0,57000,Parkhill Residence,2500
700,Dutamas,Fully Furnished,1,1,1,51200,Icon Residence,3000
1760,Jalan Kuching,Unfurnished,3,4,0,51200,Sri Putramas III / Royal Regent,3800
1019,Taman Sri Sinar,Unfurnished,2,3,1,51200,Scenaria @ North Kiara Hills,1500
1200,Bangsar,Fully Furnished,2,2,1,59100,Cascadium,3300
1300,Bukit Jalil,Unfurnished,2,3,2,57000,Parkhill Residence,2100
1050,Taman Len Seng,Fully Furnished,3,3,0,43200,Maxim Residences,2300
1050,Taman Len Seng,Fully Furnished,2,3,2,43200,Maxim Residences,2500
1050,Taman Len Seng,Fully Furnished,2,3,1,43200,Maxim Residences,2500
825,Taman Len Seng,Fully Furnished,2,2,1,43200,Maxim Residences,2500
1050,Taman Len Seng,Fully Furnished,2,3,2,43200,Maxim Residences,2200
900,Taman Len Seng,Fully Furnished,2,2,2,43200,Maxim Residences,2000
1195,Dutamas,Fully Furnished,2,2,2,51200,Icon Residence,3600
950,Cheras,Fully Furnished,2,3,1,56000,Bayu Tasik 2,1800
1141,Sri Petaling,Fully Furnished,2,3,1,57000,Endah Regal Condominium,1900
1333,Setapak,Unfurnished,2,4,0,53100,Platinum Hill PV 2,1600
1141,Sri Petaling,Fully Furnished,2,3,0,57000,Endah Regal Condominium,1600
1210,Taman Desa,Fully Furnished,2,3,1,58100,Abadi Villa,1800
945,Kepong,Fully Furnished,2,3,2,52200,Casa Magna,1300
1032,Bukit Jalil,Fully Furnished,2,2,2,58200,The Z Residence,2100
1106,Bandar Tun Razak,Unfurnished,2,3,2,56000,The Holmes 2,1300
1100,Bukit Jalil,Fully Furnished,2,3,2,57000,Parkhill Residence,2450
1280,Taman U Thant,Fully Furnished,2,2,1,55000,Desa Angkasa,3500
1503,KL City Centre,Fully Furnished,2,3,1,50450,Corinthian Condominium,4500
1076,Bandar Manjalara,Fully Furnished,2,3,1,52200,Menara Menjalara,1900
1100,Dutamas,Fully Furnished,2,3,0,51200,Changkat View,2000
1209,Mont Kiara,Fully Furnished,2,2,1,50480,Mont Kiara Sophia,3000
1047,Jalan Tun Razak,Fully Furnished,2,2,1,50450,Menara Bintang Goldhill,2800
2019,KLCC,Fully Furnished,4,4,2,50400,Dua Residency,6800
1528,Wangsa Maju,Fully Furnished,2,3,2,53100,Seri Riana Residence,3500
1000,Ampang Hilir,Fully Furnished,2,3,1,54200,Suria Jelatek,2250
1200,Bangsar,Fully Furnished,2,2,0,59100,Cascadium,2800
1249,Mont Kiara,Fully Furnished,2,2,1,50480,Angkupuri Condominium,3000
1600,Brickfields,Unfurnished,3,4,1,50470,Mutiara Residency,3500
1584,KL Sentral,Fully Furnished,3,3,0,50450,Suasana Sentral Loft,4300
1253,Pantai Hillpark,Fully Furnished,2,3,2,59200,Saville @ The Park,3500
1528,Wangsa Maju,Fully Furnished,2,3,2,53100,Seri Riana Residence,4300
538,Bukit Bintang,Fully Furnished,1,1,1,50150,The Robertson,3200
750,Pantai Dalam,Unfurnished,1,1,0,59200,Pantai Panorama Condominiums,2000
1500,Ampang,Fully Furnished,2,3,0,55000,Lanson Place,4000
1500,Ampang,Fully Furnished,2,3,0,55000,Lanson Place,3500
1800,Desa ParkCity,Fully Furnished,2,4,0,52200,One Central Park,7000
1594,Mont Kiara,Fully Furnished,3,3,2,50480,Kiaramas Sutera,4000
1130,KLCC,Fully Furnished,2,2,1,50450,The Meritz,5000
1200,Bangsar,Fully Furnished,2,2,1,59100,Cascadium,4500
1099,Taman Sungai Besi,Fully Furnished,2,3,2,57100,Midfields 2,2300
753,Taman Melawati,Fully Furnished,1,1,1,53100,The Veo,1800
900,Puchong,Unfurnished,2,3,1,58200,Residensi Puchongmas,1150
2050,Bukit Kiara,Fully Furnished,4,4,0,60000,La Grande Kiara,5000
1222,Bukit OUG,Fully Furnished,2,3,1,58200,Bukit OUG Condominiums,1500
1622,Wangsa Maju,Fully Furnished,3,3,2,53300,Riana Green East,3200
1828,Mont Kiara,Fully Furnished,2,3,2,51200,Ceriaan Kiara,4500
1186,Sentul Selatan,Fully Furnished,3,3,0,51000,The Fennel,3600
1010,Taman City,Fully Furnished,2,3,1,51200,Boulevard Serviced Apartment,2400
1224,Bukit Jalil,Fully Furnished,2,3,2,57000,Vista Komanwel A,2400
1077,Taman Maluri,Fully Furnished,2,3,1,55100,Casa Ria,2200
1399,Bukit Jalil,Fully Furnished,2,3,1,57000,Vista Komanwel C,1800
525,KLCC,Fully Furnished,2,1,0,50250,The Crest,2200
946,Taman Sri Endah,Fully Furnished,2,3,1,57000,Endah Ria,1800
1334,Taman Tun Dr Ismail,Fully Furnished,2,3,2,60000,Kiara View,4000
1200,Setapak,Unfurnished,2,3,1,53000,Plaza Prima Setapak,1400
1406,KL City Centre,Fully Furnished,2,2,1,50450,Mirage Residence,4200
1110,Taman Desa,Fully Furnished,2,3,2,58100,Casa Desa,2200
1468,Mont Kiara,Fully Furnished,2,3,0,50480,Mont Kiara Pines,3500
1313,Taman Danau Kota,Unfurnished,2,4,1,53300,Platinum Lake PV 16,1900
850,KL City Centre,Fully Furnished,1,1,0,50450,Mirage Residence,3500
990,KL Eco City,Fully Furnished,2,2,0,59200,Vogue Suites One,4000
1000,KLCC,Fully Furnished,1,1,0,50450,The Troika,4000
538,Bukit Bintang,Fully Furnished,1,1,1,50150,The Robertson,3000
538,Bukit Bintang,Fully Furnished,1,1,0,50150,The Robertson,3000
538,Bukit Bintang,Fully Furnished,1,1,1,50150,The Robertson,2800
646,Bukit Bintang,Fully Furnished,1,1,0,50150,The Robertson,3300
538,Bukit Bintang,Fully Furnished,1,1,0,50150,The Robertson,3200
807,Bukit Bintang,Fully Furnished,2,2,0,50150,The Robertson,4500
538,Bukit Bintang,Fully Furnished,1,1,0,50150,The Robertson,2900
877,Taman Sentul Utama,Unfurnished,2,3,1,51000,Sentul Utama Condominium,1000
1250,Pantai Dalam,Fully Furnished,1,2,0,59200,Pantai Panorama Condominiums,2500
1079,Taman Desa,Fully Furnished,2,3,1,58100,Casa Desa,2300
1600,Taman Desa,Fully Furnished,2,3,1,58100,OBD Garden Tower,2900
1740,Bangsar,Fully Furnished,2,3,2,59100,Araville,6000
1200,Bangsar,Fully Furnished,2,2,0,59100,Sri Penaga,4000
1300,Pantai Dalam,Unfurnished,2,3,1,59200,Pantai Panorama Condominiums,2500
1400,Pantai Hillpark,Fully Furnished,2,3,1,59200,Andalucia,2500
1039,Pantai Hillpark,Fully Furnished,2,3,1,59200,Pantai Hillpark 2,2000
1367,Mont Kiara,Fully Furnished,2,3,1,50480,Mont Kiara Astana,4500
1208,Mont Kiara,Fully Furnished,2,3,1,50480,Mont Kiara Pines,3200
1280,Bukit Kiara,Fully Furnished,2,3,1,50480,Mont Kiara Palma,4200
775,Jalan Tun Razak,Fully Furnished,1,1,0,50450,Menara Bintang Goldhill,2950
1208,Mont Kiara,Fully Furnished,2,3,1,50480,Mont Kiara Pines,3000
1018,Bandar Tun Razak,Fully Furnished,2,3,2,56000,The Holmes 1,2000
1050,Taman Len Seng,Unfurnished,2,3,1,43200,Maxim Residences,1500
1349,KLCC,Fully Furnished,2,1,1,50450,The Troika,6800
850,KL City Centre,Fully Furnished,1,1,0,50450,Mirage Residence,3300
698,Taman Mas Tiara,Fully Furnished,1,2,0,51200,Kiara East,1700
1095,Bukit Bintang,Fully Furnished,2,2,2,50200,The Manhattan,5200
1280,Mont Kiara,Fully Furnished,3,3,2,50480,Mont Kiara Pines,2600
1503,KL City Centre,Unfurnished,2,3,1,50450,Corinthian Condominium,3300
1432,KL Sentral,Unfurnished,3,3,0,50470,Suasana Sentral Condominiums,3800
1550,KL Sentral,Unfurnished,2,2,0,50450,Suasana Sentral Loft,3500
1100,Brickfields,Fully Furnished,1,2,0,50470,The Pines,2600
650,Bukit Bintang,Fully Furnished,1,1,1,50200,Mutiara Villa,1600
1433,Taman Gembira,Fully Furnished,3,5,2,50820,Desa Residency (Residensi Desa),2300
2416,Bukit Ceylon,Fully Furnished,5,4,2,50200,Verticas Residensi,5500
2416,Bukit Ceylon,Fully Furnished,5,4,2,50200,Verticas Residensi,6500
1019,Pantai Hillpark,Fully Furnished,2,3,2,59200,Saville @ The Park,2400
920,Taman Connaught,Fully Furnished,2,3,1,56000,Angkasa Condominiums,1500
1450,Taman Segambut,Fully Furnished,2,3,1,52100,Duta Ria,2000
1250,Bukit Jalil,Fully Furnished,2,3,1,57000,Vista Komanwel A,1800
1250,Bukit Jalil,Fully Furnished,2,3,1,57000,Vista Komanwel A,2000
705,Bangsar,Fully Furnished,1,2,1,59100,Bangsar Permai,2300
710,Jalan Kuching,Fully Furnished,1,1,1,51200,Antah Tower,1200
1000,Cheras,Fully Furnished,2,2,2,55100,Pertiwi Indah,2000
1100,Taman Maluri,Fully Furnished,2,3,1,55100,Bam Villa,1800
1100,Taman Maluri,Unfurnished,2,3,1,55100,Casa Ria,1650
1100,Bangsar,Fully Furnished,2,2,1,59100,Bangsar Puteri,2300
1039,Pantai Hillpark,Unfurnished,2,3,0,59200,Pantai Hillpark 2,2250
748,Dutamas,Fully Furnished,1,1,1,51200,Icon Residence,2550
1232,Bukit Jalil,Fully Furnished,2,3,1,58200,The Z Residence,1800
931,Mont Kiara,Fully Furnished,2,2,1,50480,Laman Suria,2400
689,Bukit Bintang,Fully Furnished,1,1,0,50150,The Robertson,3800
960,Taman Desa,Fully Furnished,2,2,1,58100,Faber Heights,1800
1100,Bangsar,Fully Furnished,2,3,1,59100,Tivoli Villas,2800
1539,KL City Centre,Fully Furnished,3,3,0,50450,Mirage Residence,5000
1241,Mont Kiara,Fully Furnished,2,3,0,50480,Mont Kiara Astana,3500
1600,Bangsar,Fully Furnished,2,3,1,59100,Bayu Angkasa,2900
938,Mid Valley City,Fully Furnished,2,2,1,59200,Northpoint Residences,3200
1244,Dutamas,Fully Furnished,2,2,2,51200,Icon Residence,3900
1200,Sentul,Unfurnished,2,3,1,51000,Sang Suria,1600
1870,Taman Serangkai,Fully Furnished,2,3,2,58200,Seringin Residences,3700
1458,Jalan Tun Razak,Fully Furnished,2,3,0,50450,Menara Bintang Goldhill,3000
1250,Taman Danau Desa,Fully Furnished,2,3,1,58100,Danau Permai,2000
1084,Desa ParkCity,Fully Furnished,2,2,1,52000,Nadia,2300
700,Taman Danau Desa,Fully Furnished,2,2,1,58100,Danau Permai,1900
1192,Taman Desa,Fully Furnished,2,3,2,58100,Casa Desa,2200
1347,Mont Kiara,Fully Furnished,2,3,0,50480,Kiaramas Sutera,3400
1232,Bukit Jalil,Fully Furnished,2,3,2,58200,The Z Residence,2100
1000,Bandar Tun Razak,Fully Furnished,2,4,2,56000,The Holmes 1,550
935,Jalan Klang Lama (Old Klang Road),Fully Furnished,2,3,2,58200,Petalz Residences,2700
1300,Bukit Jalil,Unfurnished,2,3,2,57000,Parkhill Residence,2700
1100,Bukit Jalil,Unfurnished,2,3,2,57000,Parkhill Residence,1500
1261,Taman Desa,Fully Furnished,2,3,1,58100,Faber Heights,2100
2300,Bangsar,Fully Furnished,2,3,1,59100,Sri Wangsaria,4500
1222,Bukit OUG,Fully Furnished,2,3,1,58200,Bukit OUG Condominiums,1300
1710,Happy Garden,Fully Furnished,3,4,2,58200,Le Yuan Residence,3200
1237,Sentul Selatan,Fully Furnished,3,3,1,51000,The Fennel,2500
1237,Sentul Selatan,Fully Furnished,3,3,1,51000,The Fennel,3400
764,Hampshire Park,Fully Furnished,2,1,1,50450,Hampshire Residences,3000
1600,Dutamas,Fully Furnished,3,2,3,51200,Icon Residence,4000
730,Jalan Klang Lama (Old Klang Road),Unfurnished,1,2,0,58200,Petalz Residences,1500
650,Taman Danau Desa,Fully Furnished,2,1,1,58100,Danau Permai,1900
938,Taman Danau Desa,Fully Furnished,2,3,1,58100,Danau Idaman,1600
918,Taman Danau Desa,Fully Furnished,2,3,0,58100,Danau Impian,1500
1100,Cheras,Unfurnished,2,3,1,56100,Bukit Pandan Kondominium 1,1100
1230,Setapak,Fully Furnished,2,3,1,53200,Heritage,1500
1050,Pantai Hillpark,Fully Furnished,2,3,0,59200,Pantai Hillpark 5,1800
674,Bangsar,Fully Furnished,1,2,1,59100,Tivoli Villas,1800
1130,Bangsar,Fully Furnished,2,2,0,59100,Suasana Bangsar,4000
1070,Bangsar,Fully Furnished,2,2,1,59100,Cascadium,3900
1450,Taman Segambut,Fully Furnished,2,3,1,52100,Duta Ria,1800
1033,Bangsar,Fully Furnished,2,2,1,59100,Sri Penaga,3500
1300,Pantai Dalam,Unfurnished,2,2,1,59200,Pantai Panorama Condominiums,2000
1250,Pantai Dalam,Fully Furnished,2,2,1,59200,Pantai Panorama Condominiums,2400
1800,KLCC,Fully Furnished,3,3,1,50450,1A Stonor,4500
1166,Setapak,Unfurnished,2,4,0,53200,Madu Mas,1300
1450,Setapak,Unfurnished,2,3,0,53100,Platinum Hill PV 2,1800
1253,Pantai Hillpark,Fully Furnished,2,3,2,59200,Saville @ The Park,3000
1267,Taman Seri Rampai,Fully Furnished,2,3,2,53300,Villa Wangsamas,2100
1000,Taman OUG,Unfurnished,2,3,2,58200,Fortuna Court,1200
890,Mont Kiara,Fully Furnished,1,1,1,50480,Tiffani kiara,3000
1457,Bukit Jalil,Fully Furnished,2,4,3,58200,Kiara Residence 2 (Residensi Kiara Jalil 2),2500
1033,Bangsar,Fully Furnished,2,2,0,59100,Sri Penaga,3500
1033,Bangsar,Fully Furnished,2,2,0,59100,Sri Penaga,3200
1200,Bangsar,Unfurnished,2,2,1,59100,Sri Penaga,4500
1250,Taman Danau Desa,Fully Furnished,2,3,1,58100,Danau Permai,2150
1348,KLCC,Fully Furnished,1,1,1,50450,The Troika,7500
1348,KLCC,Fully Furnished,1,1,1,50450,The Troika,6000
1451,Dutamas,Fully Furnished,3,3,2,52100,Verdana,2800
1600,Setapak,Fully Furnished,3,3,2,53200,The Reach @ Titiwangsa,2800
1141,Sri Petaling,Fully Furnished,2,3,1,57000,Endah Regal Condominium,1700
1141,Sri Petaling,Fully Furnished,2,3,1,57000,Endah Regal Condominium,1800
1276,Jalan Ipoh,Fully Furnished,2,3,0,52100,Rivercity Condominium,2600
1200,Jalan Kuching,Fully Furnished,2,3,1,50000,Royal Domain Sri Putramas 2,1800
750,Pantai Dalam,Fully Furnished,1,1,0,59200,Pantai Panorama Condominiums,2000
1011,Bandar Baru Sentul,Fully Furnished,2,3,2,51000,Rafflesia,2200
1539,Bangsar,Fully Furnished,3,3,1,59100,Cascadium,3800
1250,Bangsar,Fully Furnished,2,2,2,59100,Park Rose,3100
1350,Taman SA,Fully Furnished,2,2,1,59000,Jamnah View,4200
1249,Mont Kiara,Fully Furnished,2,3,1,50480,Angkupuri Condominium,3500
2608,Dutamas,Fully Furnished,3,3,2,51200,Icon Residence,7000
930,Cheras,Fully Furnished,2,3,1,56000,Bayu Tasik 2,1700
850,Brickfields,Fully Furnished,1,2,0,50470,633 Residency,2700
1195,Brickfields,Fully Furnished,2,2,0,50470,633 Residency,3400
1722,Brickfields,Fully Furnished,3,3,0,50470,633 Residency,3800
1000,Brickfields,Unfurnished,2,3,0,50470,Palm Court Condominium,1900
1300,Mont Kiara,Fully Furnished,2,3,1,50480,Mont Kiara Pelangi,4500
700,Taman Mas Tiara,Fully Furnished,1,2,0,51200,Kiara East,1800
1100,Jalan Kuching,Fully Furnished,2,3,1,51200,Sri Putramas,1800
1280,Mont Kiara,Fully Furnished,2,3,1,50480,Mont Kiara Pelangi,3500
680,Bangsar,Fully Furnished,1,1,1,59100,Bangsar Indah,2500
950,KL Eco City,Fully Furnished,1,2,1,59200,Vogue Suites One,3500
1100,Setapak,Unfurnished,2,3,2,53200,Ascenda Residence @ Skyarena,1750
1000,Mont Kiara,Fully Furnished,2,2,1,50480,Laman Suria,1900
1071,Mont Kiara,Fully Furnished,2,2,1,50480,Mont Kiara Sophia,3800
1480,Mont Kiara,Fully Furnished,2,3,1,50480,Mont Kiara Pines,3200
1325,Bangsar,Fully Furnished,2,2,0,59100,Sri Wangsaria,3500
1100,Bangsar,Fully Furnished,2,2,0,59100,Bangsar Puteri,2500
1529,Bangsar,Fully Furnished,3,3,1,59100,Bayu Angkasa,3700
1208,Mont Kiara,Unfurnished,2,2,1,50480,Mont Kiara Sophia,3250
1065,Sentul,Fully Furnished,2,3,1,51200,Casa Idaman,1500
1100,Bukit Jalil,Unfurnished,2,3,0,57000,Parkhill Residence,1400
1100,Dutamas,Fully Furnished,2,3,2,51200,Changkat View,2100
1249,Mont Kiara,Fully Furnished,2,3,0,50480,Angkupuri Condominium,3500
1259,Wangsa Maju,Fully Furnished,2,3,2,53100,Seri Riana Residence,3500
1485,Bangsar South,Fully Furnished,2,3,2,59100,Begonia @ The Park Residences,4300
1200,Pantai Dalam,Fully Furnished,2,2,1,59200,Pantai Panorama Condominiums,2400
932,Taman Gembira,Unfurnished,2,3,1,58200,Meadow Park 2,1000
717,Taman Midah,Unfurnished,1,1,1,56000,Prisma Cheras,1000
927,Cheras,Fully Furnished,2,3,1,56000,Bayu Tasik 1,1500
1295,Jalan Kuching,Fully Furnished,2,3,1,50000,Royal Domain Sri Putramas 2,1900
1800,Jalan Kuching,Fully Furnished,4,4,2,51200,Sri Putramas III / Royal Regent,3300
775,Jalan Tun Razak,Fully Furnished,1,1,0,50450,Menara Bintang Goldhill,2850
1100,Bukit Jalil,Unfurnished,2,3,2,57000,Parkhill Residence,1800
1600,Mont Kiara,Fully Furnished,2,3,2,50480,Mont Kiara Meridin,5000
1390,Mont Kiara,Fully Furnished,2,3,1,50480,Mont Kiara Pelangi,3300
1200,Mont Kiara,Fully Furnished,2,3,2,50480,Pavilion Hilltop,4700
1474,Dutamas,Unfurnished,3,3,1,51200,Prima Duta,1600
1208,Mont Kiara,Fully Furnished,2,3,0,50480,Mont Kiara Pelangi,2500
1400,Mont Kiara,Fully Furnished,2,3,0,50480,Mont Kiara Pelangi,4000
1241,Mont Kiara,Fully Furnished,2,3,1,50480,Mont Kiara Astana,3800
1280,Mont Kiara,Fully Furnished,2,3,0,50480,Mont Kiara Pelangi,2700
1208,Mont Kiara,Fully Furnished,2,3,0,50480,Mont Kiara Pelangi,3000
913,Bukit Kiara,Fully Furnished,2,2,0,50480,Mont Kiara Palma,4200
963,Taman Sri Endah,Unfurnished,2,3,1,57000,Endah Ria,1700
1200,Taman Danau Desa,Fully Furnished,2,3,1,58100,Danau Permai,2500
1500,Taman Tun Dr Ismail,Fully Furnished,2,3,0,60000,Villa Flora,2500
1250,Mont Kiara,Fully Furnished,2,3,1,50480,Angkupuri Condominium,2500
1276,Jalan Ipoh,Fully Furnished,2,3,1,52100,Rivercity Condominium,2000
600,Jalan Ipoh,Fully Furnished,1,2,0,52100,Rivercity Condominium,1800
1000,Jalan Ipoh,Fully Furnished,1,2,0,52100,Rivercity Condominium,1800
1215,Jalan Ipoh,Fully Furnished,2,3,1,52100,Rivercity Condominium,2000
600,Jalan Ipoh,Fully Furnished,1,2,0,52100,Rivercity Condominium,1600
1240,Mont Kiara,Unfurnished,2,3,2,50480,Vista Kiara,2800
1643,Mont Kiara,Fully Furnished,2,3,0,50480,Lanai Kiara,3000
1300,Bukit Jalil,Fully Furnished,2,4,3,57000,Parkhill Residence,3000
1782,Happy Garden,Fully Furnished,4,4,2,58200,Le Yuan Residence,2800
2314,KLCC,Fully Furnished,5,4,0,50400,Dua Residency,7500
2314,KLCC,Fully Furnished,5,4,0,50400,Dua Residency,5500
1798,KL City Centre,Fully Furnished,3,3,1,50450,Mirage Residence,6800
1098,Mont Kiara,Fully Furnished,2,2,1,50480,Mont Kiara Bayu,2450
1390,Pantai Hillpark,Fully Furnished,2,3,0,59200,Saville @ The Park,4000
880,Jalan Kuching,Fully Furnished,2,2,1,51200,Sri Putramas III / Royal Regent,2000
750,Mont Kiara,Fully Furnished,1,1,0,50480,Mont Kiara Sophia,2400
850,KL City Centre,Fully Furnished,1,1,1,50450,Mirage Residence,3000
1711,KL City Centre,Fully Furnished,3,3,2,50450,Mirage Residence,5500
1539,KL City Centre,Fully Furnished,2,3,2,50450,Mirage Residence,5000
1150,Kuchai Lama,Fully Furnished,2,3,2,57100,Sri Desa,1800
918,Taman Gembira,Fully Furnished,2,3,1,58200,Bukit Gembira,1500
1400,Jalan Kuching,Unfurnished,2,3,0,50000,Royal Domain Sri Putramas 2,2100
1037,Jalan Ipoh,Fully Furnished,2,3,1,51100,Deskye Residence,1800
1087,Sentul,Fully Furnished,2,3,0,51100,The Saffron,2400
1182,KLCC,Fully Furnished,2,3,1,50250,The Crest,4500
1313,Taman SA,Fully Furnished,2,2,0,59000,Jamnah View,3500
911,Taman Mas Tiara,Fully Furnished,2,3,1,51200,Kiara East,1800
911,Taman Mas Tiara,Fully Furnished,2,3,2,51200,Kiara East,2000
698,Taman Mas Tiara,Fully Furnished,1,2,0,51200,Kiara East,1800
1100,Sri Petaling,Unfurnished,2,3,0,57000,Endah Puri,1100
787,Hampshire Park,Fully Furnished,1,1,1,50450,Hampshire Residences,3500
704,Bangsar,Fully Furnished,1,2,1,59100,Bangsar Permai,2200
1065,Bangsar,Unfurnished,2,2,1,59100,Bangsar Puteri,2200
969,KL Eco City,Fully Furnished,2,2,1,59200,Vogue Suites One,4000
1117,Bangsar,Fully Furnished,2,2,2,59100,Cascadium,3800
1044,Taman Gembira,Fully Furnished,2,3,1,58200,Desa Cindaimas,1550
1757,Sentul,Fully Furnished,5,3,2,51100,The Saffron,3200
1206,Mont Kiara,Fully Furnished,2,2,1,50480,Mont Kiara Sophia,3200
1329,Mont Kiara,Fully Furnished,2,3,1,50480,Mont Kiara Sophia,3500
1208,Bukit Kiara,Fully Furnished,2,3,0,50480,Mont Kiara Palma,3500
1100,Mont Kiara,Fully Furnished,2,3,2,50480,Laman Suria,3500
950,Mont Kiara,Fully Furnished,2,2,1,50480,Laman Suria,2600
1025,Mont Kiara,Fully Furnished,2,2,1,50480,Laman Suria,2500
1523,Taman Serangkai,Fully Furnished,2,2,0,58200,Seringin Residences,3200
1523,Taman Serangkai,Fully Furnished,2,2,2,58200,Seringin Residences,3800
1129,Taman Sri Endah,Fully Furnished,2,3,1,57000,Endah Villa,1700
1192,Kuchai Entreprenuner Park,Fully Furnished,2,3,2,58200,Dynasty Garden Condominium,1900
1120,Kuchai Entreprenuner Park,Fully Furnished,2,3,2,58200,Dynasty Garden Condominium,2200
936,Taman Kuchai Jaya,Fully Furnished,2,2,2,58200,Palace Court (Sri Istana),2000
1100,Dutamas,Fully Furnished,2,3,1,51200,Changkat View,1700
1100,Dutamas,Fully Furnished,2,3,1,51200,Changkat View,2000
938,Taman Danau Desa,Fully Furnished,2,4,1,58100,Danau Idaman,1800
1545,Ampang,Fully Furnished,3,3,0,50450,Brunsfield EmbassyView,5000
2021,Bukit Jalil,Fully Furnished,4,4,3,57000,KM1 East,5000
1032,Bukit Jalil,Fully Furnished,2,3,2,58200,The Z Residence,2300
1585,Taman Desa,Fully Furnished,2,3,1,58100,OBD Garden Tower,3000
1400,Taman Desa,Fully Furnished,2,3,1,58200,Bukit Desa Condominium,2100
548,Bukit Bintang,Unfurnished,1,1,0,50150,The Robertson,2500
1129,Taman Sri Endah,Fully Furnished,2,3,0,57000,Endah Villa,1780
1600,Mont' Kiara,Fully Furnished,3,4,1,50480,Almaspuri,4500
1333,Bukit Bintang,Fully Furnished,2,3,1,50200,Seri Raja Chulan,3400
1215,Jalan Klang Lama (Old Klang Road),Fully Furnished,2,3,1,58200,288 Residences,1900
1378,Setapak,Unfurnished,2,4,1,53200,Platinum Lake PV 20,1650
1300,Pantai Dalam,Fully Furnished,2,3,1,59200,Pantai Panorama Condominiums,2700
1086,Bangsar,Fully Furnished,2,2,0,59100,Cascadium,2800
1267,Taman Seri Rampai,Fully Furnished,2,3,0,53300,Villa Wangsamas,2100
1348,KLCC,Unfurnished,2,1,0,50450,The Troika,5500
1400,City Centre,Fully Furnished,3,3,1,50150,Sri Emas,2800
920,Sentul,Fully Furnished,2,2,0,51000,The Tamarind,2200
1286,Taman Wangsa Maju,Fully Furnished,2,4,2,53300,Desa Putra,2500
1265,Taman Wangsa Maju,Fully Furnished,2,4,1,53300,Desa Putra,2500
800,Bukit Bintang,Fully Furnished,1,1,1,50200,Angkasa Impian,2200
1141,Sri Petaling,Fully Furnished,2,3,0,57000,Endah Regal Condominium,1700
775,Jalan Tun Razak,Unfurnished,1,1,0,50450,Menara Bintang Goldhill,2850
1650,Bangsar,Fully Furnished,3,3,1,59100,Menara Bangsar,5500
1260,Bangsar,Fully Furnished,2,2,1,59100,Park Rose,4500
1100,Bangsar,Fully Furnished,2,2,1,59100,Cascadium,3300
710,KL Eco City,Fully Furnished,1,1,1,59200,Vogue Suites One,3500
979,KL Eco City,Fully Furnished,2,2,1,59200,Vogue Suites One,4500
1067,KL Eco City,Fully Furnished,2,2,2,59200,Vogue Suites One,4500
786,KL Eco City,Fully Furnished,1,2,1,59200,Vogue Suites One,2800
1000,KL Eco City,Fully Furnished,2,2,1,59200,Vogue Suites One,4500
870,Jalan Kuching,Fully Furnished,2,2,1,51200,Sri Putramas III / Royal Regent,2000
2750,Dutamas,Fully Furnished,3,4,3,51200,Prima Duta,4000
1831,Taman Segambut SPPK,Fully Furnished,4,4,2,51200,Sutramas Luxury Condominium,3500
1280,Bukit Kiara,Unfurnished,2,3,1,50480,Mont Kiara Palma,4300
1400,Taman Tun Dr Ismail,Fully Furnished,2,3,0,60000,Kiara Park,2600
860,Mont Kiara,Fully Furnished,1,1,0,50480,Tiffani kiara,3300
1517,Bangsar,Fully Furnished,3,3,1,59100,Bayu Angkasa,2700
1650,Bangsar,Fully Furnished,3,3,1,59100,Menara Bangsar,5800
650,Bangsar,Fully Furnished,1,1,1,59100,Tivoli Villas,2800
1399,Mont Kiara,Fully Furnished,2,3,2,50480,Angkupuri Condominium,3500
720,Taman SA,Fully Furnished,1,1,1,59000,Jamnah View,2800
1285,Bangsar,Fully Furnished,2,2,1,59100,Park Rose,4500
1590,Bangsar,Fully Furnished,2,3,2,59100,Bayu Angkasa,4500
1930,KLCC,Fully Furnished,2,2,1,50450,The Troika,9000
900,KL Sentral,Fully Furnished,1,2,1,50450,Suasana Sentral Loft,3300
1200,Bukit Bintang,Fully Furnished,2,3,1,50200,Angkasa Impian,2900
1033,Bukit Jalil,Fully Furnished,2,3,1,58200,The Z Residence,2500
1459,Bukit Jalil,Fully Furnished,3,4,2,58200,Kiara Residence 2 (Residensi Kiara Jalil 2),2500
1370,Bukit Jalil,Fully Furnished,2,4,4,57000,Savanna Condominium,3000
1370,Bukit Jalil,Fully Furnished,2,3,0,57000,Savanna Condominium,2400
914,Desa ParkCity,Fully Furnished,1,2,1,52200,The Northshore Gardens,3000
1044,Taman Sungai Besi,Unfurnished,2,3,1,57100,Midfields 2,1400
1044,Taman Sungai Besi,Unfurnished,2,3,1,57100,Midfields 2,1450
1400,Mont Kiara,Fully Furnished,2,3,1,50480,Vista Kiara,3000
1600,Mont' Kiara,Fully Furnished,3,4,2,50480,Almaspuri,4500
1280,Mont Kiara,Fully Furnished,2,3,0,50480,Mont Kiara Bayu,3500
1249,Mont Kiara,Fully Furnished,2,3,1,50480,Angkupuri Condominium,3450
1616,Mont Kiara,Fully Furnished,3,3,2,50480,Mont Kiara Meridin,4800
931,Mont Kiara,Fully Furnished,2,2,1,50480,Laman Suria,2300
1600,Bangsar,Fully Furnished,2,3,1,59100,Bayu Angkasa,2700
1107,Bangsar,Fully Furnished,2,2,1,59100,Cascadium,3250
1200,Cheras,Unfurnished,2,3,0,55100,Pertiwi Indah,2500
920,Taman Gembira,Fully Furnished,2,3,1,58200,Bukit Gembira,1600
920,Taman Gembira,Unfurnished,2,3,1,58200,Bukit Gembira,1200
1044,KL Sentral,Fully Furnished,1,2,1,50450,Suasana Sentral Loft,3500
1068,Mont Kiara,Fully Furnished,2,2,1,50480,Mont Kiara Bayu,2300
1047,Jalan Tun Razak,Fully Furnished,2,2,1,50450,Menara Bintang Goldhill,2900
3115,Desa Pandan,Fully Furnished,5,5,3,55100,Mutiara Upper East,8000
1513,Bukit Jalil,Fully Furnished,3,4,2,58200,The Rainz,3599
1200,Kuchai Entreprenuner Park,Unfurnished,2,3,1,58200,Dynasty Garden Condominium,1500
1087,Sentul,Fully Furnished,2,3,1,51000,The Tamarind,1900
1400,Mont Kiara,Fully Furnished,2,3,1,50480,Mont Kiara Pines,2800
1125,Jalan Kuching,Fully Furnished,2,3,0,51200,Sri Putramas III / Royal Regent,2000
1100,Bukit Jalil,Fully Furnished,2,3,2,57000,Parkhill Residence,2600
1100,Jalan Kuching,Unfurnished,2,3,0,51200,Sri Putramas III / Royal Regent,1500
1267,Taman Seri Rampai,Unfurnished,2,3,0,53300,Villa Wangsamas,2200
1400,Setapak,Unfurnished,2,4,0,53200,Platinum Lake PV 20,1600
1100,Dutamas,Unfurnished,2,3,0,51200,Changkat View,1900
1018,Sri Hartamas,Unfurnished,2,3,0,50480,Puncak Prima,2200
1100,Jalan Kuching,Unfurnished,2,3,0,51200,Sri Putramas,1600
1400,Mont Kiara,Fully Furnished,2,3,1,50480,Mont Kiara Astana,4500
1600,Bandar Menjalara,Fully Furnished,2,3,2,52200,Menjalara 18,2400
1360,Bandar Menjalara,Fully Furnished,3,4,1,52200,Menjalara 18,2200
1400,Jalan Kuching,Fully Furnished,2,3,2,50000,Royal Domain Sri Putramas 2,3000
1100,Jalan Kuching,Fully Furnished,2,3,1,51200,Sri Putramas,1600
1799,Dutamas,Fully Furnished,2,3,2,52100,Verdana,4200
1550,Mont Kiara,Fully Furnished,2,3,0,50480,Angkupuri Condominium,4500
2243,Mont Kiara,Fully Furnished,3,3,2,50480,Residensi 22,9600
1878,Mont Kiara,Fully Furnished,3,3,2,50480,Residensi 22,8000
3041,Mont Kiara,Fully Furnished,5,5,2,50480,Residensi 22,9500
1281,Bukit Jalil,Fully Furnished,2,3,3,57000,Savanna Condominium,2700
1710,Dutamas,Fully Furnished,4,4,2,52100,Concerto North Kiara,4000
1700,Kuala Lumpur,Fully Furnished,2,3,1,50400,Menara Avenue (Menara Promenade),2800
1207,Taman Danau Kota,Fully Furnished,2,3,1,53100,Platinum Lake PV 10,1700
870,Jalan Kuching,Fully Furnished,2,2,1,51200,Sri Putramas III / Royal Regent,2100
918,Taman Danau Desa,Fully Furnished,2,3,1,58100,Danau Impian,1700
1097,Taman Desa,Fully Furnished,2,3,2,58100,Casa Desa,1880
989,Kuchai Lama,Fully Furnished,2,3,1,58200,De Tropicana,1380
1400,Taman Seputeh,Fully Furnished,2,3,1,58000,Seputeh Permai,2400
1323,Taman Rainbow,Fully Furnished,2,3,0,51100,Villa Angsana,1700
1050,Sentul,Fully Furnished,2,3,0,51000,Sang Suria,1800
800,Taman Desa Petaling,Unfurnished,2,3,1,57100,Bukit Winner (Winner Heights),1000
1268,Mont Kiara,Fully Furnished,2,3,1,50480,Mont Kiara Pines,4000
1352,Mont Kiara,Unfurnished,2,3,1,50480,Mont Kiara Pines,4500
967,Taman Connaught,Unfurnished,2,3,1,56000,Seri Cendekia,1200
1800,Dutamas,Fully Furnished,3,3,2,52100,Verdana,4000
1385,Taman Sri Endah,Unfurnished,2,3,0,57000,Endah Ria,2100
1230,Taman Dato Senu,Fully Furnished,2,3,2,51000,Bayu Sentul,1800
1162,Sentul,Fully Furnished,2,3,1,51000,Sang Suria,2000
850,Taman Len Seng,Unfurnished,2,2,1,43200,Maxim Residences,1300
1112,Taman Sungai Besi,Fully Furnished,2,3,0,57100,Midfields,2000
900,Puchong,Unfurnished,2,3,1,58200,Residensi Puchongmas,1200
1650,Taman Desa,Fully Furnished,2,3,0,58100,OBD Garden Tower,3300
1590,Jalan Kuching,Fully Furnished,2,3,2,51200,Sri Putramas III / Royal Regent,3200
1590,Jalan Kuching,Fully Furnished,2,3,1,51200,Sri Putramas III / Royal Regent,3500
1320,Jalan Kuching,Fully Furnished,2,3,2,50000,Royal Domain Sri Putramas 2,2150
1295,Jalan Kuching,Fully Furnished,2,3,2,50000,Royal Domain Sri Putramas 2,2100
1200,Ampang,Fully Furnished,2,3,0,68000,City Garden Palm Villa Condominium,1800
691,Taman Mas Tiara,Fully Furnished,1,2,1,51200,Kiara East,1650
1119,KL Eco City,Fully Furnished,2,2,1,59200,Vogue Suites One,3900
868,KL City,Unfurnished,2,2,0,55100,Tribeca,6500
1200,Dutamas,Unfurnished,2,2,1,51200,Icon Residence,4300
1200,Dutamas,Unfurnished,2,2,1,51200,Icon Residence,4500
1200,Dutamas,Unfurnished,2,2,1,51200,Icon Residence,4800
